title,date,master,production,category,cast,notes,format,tags,url,encora
CATS,2025-09-00,Master A,London,video,"Alice; Bob","Opening night recording.",Blu-ray,"premiere; 8k",https://example.com/a,1111
Sample B,2025-08-20,Master B,Los,video,"Carol","Matinee performance.",DVD,"",,1111
Sample C,2025-01-05,TV,Online,video,"Dave; Eve; Frank","TV broadcast.",Digital,"remaster; tv-rip",https://example.com/c,3333
Audio Sample,2024-12-01,Master X,NY,audio,"Alice","Live audio.",FLAC,"soundboard; lossless",https://example.com/audio,4444
Wicked,2015-08-20,NYCG8R,Broadway,video,"Caroline Bowman (Elphaba), Lindsay K. Northen (u/s Glinda), Matt Shingledecker (Fiyero), Fred Applegate (The Wizard), Michele Lee (Madame Morrible), Arielle Jacobs (Nessarose), Robin de Jesús (Boq), William Ryall (u/s Doctor Dillamond), Desi Oakley (s/w Ensemble)","Very nice quality bootleg with Lindsay K Northen, who had been one of the Glinda understudies for years.",VOB+smalls (4.23GB),,MEGA,5
Wicked,2013-02-10,Eleka-Nahmen,Broadway,video,"Donna Vivino (s/b Elphaba), Alli Mauzey (Glinda), Kyle Dean Massey (Fiyero), Adam Grupper (The Wizard), Randy Danson (Madame Morrible), Catherine Charlebois (Nessarose), F. Michael Haynie (Boq), Tom Flynn (Doctor Dillamond)","Amazing video from the orchestra from a great angle. Shaky when zooming in and out in the first 30 minutes, and a few heads in frame at times, but the filming is unmatched. This was supposed to be Jackie Burns’ last night, but she’d been sick since late January and ended up missing this performance. Donna is just INCREDIBLE as Elphaba… Master has released a new 2023 remaster that is available through him.",VOB (5.85GB),,MEGA,9
Wicked,2009-01-11,SJ Bernly,Los Angeles,video,"Eden Espinosa (Elphaba), Megan Hilty (Glinda), Derrick Williams (Fiyero), David Garrison (The Wizard), Carol Kane (Madame Morrible), Briana Yacavone (Nessarose), Eddy Rioseco (Boq), Tom Flynn (Doctor Dillamond), Everth Lopez (Chistery), Linda Kerns (Midwife), Neka Zang (Witch's Mother), Tim Talman (Witch's Father), Tim Talman (Ozian Official)",Closing Night in Los Angeles. Audio only for the first 7 minutes. Video doesn't start until around the time Glinda sings “She died alone” in No One Mourns the Wicked.,VOB+smalls (4.85GB),,MEGA,33
Wicked,2006-11-08,SunsetBlvd79,West End,video,"Idina Menzel (Elphaba), Helen Dallimore (Glinda), Adam Garcia (Fiyero), Nigel Planer (The Wizard), Miriam Margolyes (Madame Morrible), Katie Rowley Jones (Nessarose), James Gillan (Boq), Martin Ball (Doctor Dillamond)","Crystal clear picture and sound. AMAZING quality, one of the top Wicked's. Fantastic cast and includes the extended scenes. A+",VOB+smalls (4.1GB),,MEGA,34
Wicked,2013-01-10,Unknown,Scheveningen,video,"Willemijn Verkaik (Elphaba), Céline Purcell (alt Glinda), Ferry Doedens (alt Fiyero), Bill van Dijk (The Wizard), Pamela Teves (Madame Morrible), Christanne de Bruijn (Nessarose), Niels Jacobs (Boq), Jochem Feste Roozemond (Doctor Dillamond)","Penultimate, final performance of Cèline Purcell and Ferry Doedens. Muck-up show. Awesome filming quality, very steady, with a perfect mix of zooms, close-ups and stageshots so that all the action is captured. One of the top Wickeds.",VOB+smalls (4.2GB),,MEGA,37
Heathers: The Musical,2014-05-25,SJ Bernly,Off-Broadway,video,"Barrett Wilbert Weed (Veronica Sawyer), Dan Domenech (u/s Jason ""J.D."" Dean), Charissa Hogeland (u/s Heather Chandler), Alice Lee (Heather Duke), Elle McLemore (Heather McNamara), Jon Eidson (Ram Sweeney), Evan Todd (Kurt Kelly), Katie Ladner (Martha Dunnstock), Michelle Duffy (Ms. Fleming), Anthony Crivello (Ram's Dad), Daniel Cooney (Kurt's Dad), Michelle Duffy (Veronica's Mom), Daniel Cooney (Veronica's Dad), Anthony Crivello (Big Bud Dean), Daniel Cooney (Principal Gowan), Anthony Crivello (Coach Ripper), Dustin Sullivan (Beleaguered Geek), AJ Meijer (Preppy Stud), Matthew Schatz (s/w Hipster Dork), Molly Hager (s/w New Wave Party Girl), Rachel Flynn (Stoner Chick), Cait Fairbanks (Young Republicanette), Matthew Schatz (s/w Officer McCord), AJ Meijer (Officer Milner)","Available as both a widely circulated DVD, and a much rarer 1080p Blu-Ray. A near perfect capture and the first known DVD of this shows Off-Broadway run. Barrett is incredibly talented: amazing vocals, acting and comedic timing. Dan and Charissa are both fantastic in their roles as well. The show is absolutely hysterical, much improved from the movie version. The first minute of Act One is blacked out, but the show is otherwise fully intact with no blackouts and only slight washout in a few wide shots. There is no obstruction, the video is steady, the sound is excellent, and its captured very well with the usual mix of wides, mediums, and close-ups. Its filmed in 16:9 and includes curtain call, encore, and playbill scans.",VOB+smalls (5.73GB),,MEGA,65
Wicked,2004-10-20,Unknown,Broadway,video,"Shoshana Bean (s/b Elphaba), Jennifer Laura Thompson (Glinda), Joey McIntyre (Fiyero), George Hearn (The Wizard), Carole Shelley (Madame Morrible), Michelle Federer (Nessarose), Christopher Fitzgerald (Boq), William Youmans (Doctor Dillamond)",Shoshana's second show as Elphaba,VOB+smalls (3.89GB),,MEGA,84
Dear Evan Hansen,2016-11-00,SunsetBlvd79,Broadway,video,"Ben Platt (Evan Hansen), Rachel Bay Jones (Heidi Hansen), Laura Dreyfuss (Zoe Murphy), Jennifer Laura Thompson (Cynthia Murphy), Michael Park (Larry Murphy), Mike Faist (Connor Murphy), Will Roland (Jared Kleinman), Kristolyn Lloyd (Alana Beck)","Excellent HD capture of the Broadway transfer. In the long journey to Broadway, the show still lives up to all its hype and greatness. The cast gives amazing performances and leaves it all on the stage. A. Admin Note: The date of this video is speculated to be November 15 or 16, however it was released as November, 2016.",VOB+smalls (7.91GB),,MEGA,88
Elisabeth,2002-01-13,pro-shot,Essen,video,"Pia Douwes (Elisabeth), Uwe Kröger (Der Tod), Carsten Lepper (Luigi Lucheni), André Bauer (Franz Joseph), Gabriele Ramm (Erzherzogin Sophie), Jesper Tydén (Erzherzog Rudolf), Claus Dam (Herzog Max in Bayern), Annika Bruhns (Herzogin Ludovika)",Single cam proshot of Pia Douwess last show. Audio not from soundboard. Includes three bows and an encore performance.,VOB+smalls (4.03GB),,MEGA,96
Love Never Dies,2010-06-25,house-cam,West End,video,"Ramin Karimloo (The Phantom), Sierra Boggess (Christine Daaé), Joseph Millson (Raoul de Chagny), Liz Robertson (Madame Giry), Summer Strallen (Meg Giry)",House cam pro-shot. Pre-changes. Mic seems to cut out toward the end of The Beauty Underneath but is back by The Phantom Confronts Christine.,VOB+smalls (3.06GB),,MEGA,129
The Phantom of the Opera (Andrew Lloyd Webber),1990-09-26,soundboard,Broadway,audio,"Steve Barton (The Phantom of the Opera), Rebecca Luker (Christine Daaé), Gary Lindemann (u/s Raoul de Chagny), Marilyn Caskey (Carlotta Giudicelli), George Lee Andrews (Monsieur Firmin), Jeff Keller (Monsieur André), Leila Martin (Madame Giry), Nicholas F. Saverine (Ubaldo Piangi), Catherine Ulissey (Meg Giry)",Semi-tracked (more by sections than songs).,WMA (58.6MB),,MEGA,132
The Phantom of the Opera (Andrew Lloyd Webber),1988-07-15,soundboard,West End,audio,"Dave Willetts (The Phantom of the Opera), Jan Hartley-Morris (alt Christine Daaé), Michael Ball (Raoul de Chagny), Maria Moll (Carlotta Giudicelli), Michael N. Harbour (Monsieur Firmin), David Firth (Monsieur André), Mary Millar (Madame Giry), John Aron (Ubaldo Piangi), Janet Devenish (Meg Giry)","Soundboard audio. Tracked, but whether it's titled depends on who you get it from.",M4A (228.6MB),,MEGA,134
Wicked,2016-11-06,PopularLikeMe,Second US National Tour (Munchkinland),video,"Jessica Vosk (Elphaba), Allison Bailey (u/s Glinda), Jeremy Woodard (Fiyero), Stuart Zagnit (The Wizard), Wendy Worthington (Madame Morrible), Kristen Martin (Nessarose), Sam Seferian (Boq), Chad Jennings (Doctor Dillamond)","Filmed with two different cameras from the same angle, so picture quality varies slightly on occasion. Some slight shakiness and washout at times, but otherwise phenomenal quality video.",MP4 (10.58GB),,MEGA,136
Wicked,2005-08-17,jstarz,Broadway,video,"Shoshana Bean (Elphaba), Megan Hilty (Glinda), David Ayers (Fiyero), Ben Vereen (The Wizard), Adinah Alexander (u/s Madame Morrible), Megan Sikora (u/s Nessarose), Jeffrey Kuhn (Boq), Sean McCourt (Doctor Dillamond)","About five minutes worth of cover-ups at the beginning (you see Glinda's entrance) because of latecomers and a few more random ones during the first Act. The first few minutes of the second Act are similar to those of Act One. No obstructions, and incredible close-ups. There are 1-disk and 2-disk versions of this video, so check before trading.",VOB+smalls (GB),,MEGA,137
Wicked,2006-10-08,Unknown,Broadway,video,"Eden Espinosa (Elphaba), Kate Reinders (Glinda), Derrick Williams (Fiyero), David Garrison (The Wizard), Carol Kane (Madame Morrible), Jenna Leigh Green (Nessarose), Logan Lipton (Boq), Steven Skybell (Doctor Dillamond)","Final Broadway Performance for Eden Espinosa, one disc or two disc version available",VOB+smalls (2.29GB),,MEGA,138
The Phantom of the Opera (Andrew Lloyd Webber),2013-05-09,inallyourfantasiestrading,Broadway,video,"Peter Jöback (The Phantom of the Opera), Elizabeth Welch (u/s Christine Daaé), Kyle Barisich (Raoul de Chagny), Michele McConnell (Carlotta Giudicelli), Tim Jerome (Monsieur Firmin), Richard Poole (u/s Monsieur André), Ellen Harvey (Madame Giry), Christian Šebek (Ubaldo Piangi), Kara Klein (Meg Giry)",,VOB+smalls (4.07GB),,MEGA,158
The Phantom of the Opera (Andrew Lloyd Webber),1988-04-00,Unknown,Broadway,video,"Michael Crawford (The Phantom of the Opera), Sarah Brightman (Christine Daaé), Steve Barton (Raoul de Chagny), Judy Kaye (Carlotta Giudicelli), Nick Wyman (Monsieur Firmin), Leila Martin (Madame Giry), David Romano (Ubaldo Piangi), Elisa Heinsohn (Meg Giry)","Starts partway through Overture. Color bleeding, washout, generation loss, and several unimportant scenes (Prologue, Magical Lasso, etc.) are cut out, but nevertheless a video of the original cast on Broadway. Another copy of this bootleg circulates dated as February 28.",VOB+smalls (4.01GB),,MEGA,167
The Phantom of the Opera (Andrew Lloyd Webber),1988-10-08,Unknown,Broadway,video,"Michael Crawford (The Phantom of the Opera), Dale Kristien (alt Christine Daaé), Steve Barton (Raoul de Chagny), Judy Kaye (Carlotta Giudicelli), Nick Wyman (Monsieur Firmin), Cris Groenendaal (Monsieur André), Leila Martin (Madame Giry), David Romano (Ubaldo Piangi)","Act 1 starts partway through Auctioneer's speech; Act 2 midway through Masquerade. Includes a clip of Michael Crawford's bows for his last show on Broadway, shot from a different angle and possibly taken from another source.",VOB+smalls (4.21GB),,MEGA,168
Dear Evan Hansen,2017-06-24,SunsetBlvd79,Broadway,video,"Ben Platt (Evan Hansen), Rachel Bay Jones (Heidi Hansen), Laura Dreyfuss (Zoe Murphy), Jennifer Laura Thompson (Cynthia Murphy), Michael Park (Larry Murphy), Mike Faist (Connor Murphy), Will Roland (Jared Kleinman), Olivia Puckett (u/s Alana Beck)","Excellent HD capture with no obstructions. This was shortly after Ben Platt's 2017 Tony win for Best Actor and Best Musical. The cast and show are still in wonderful shape, energy and speaks for itself. A-",VOB+smalls (7.73GB),,MEGA,217
Elisabeth,1992-08-29,pro-shot,Vienna,video,"Pia Douwes (Elisabeth), Uwe Kröger (Der Tod), Ethan Freeman (Luigi Lucheni), Viktor Gernot (Franz Joseph), Else Ludwig (Erzherzogin Sophie), Andreas Bieber (Erzherzog Rudolf), Wolfgang Pampel (Herzog Max in Bayern), Christa Wettstein (Herzogin Ludovika)",Proshot of a dress rehearsal,VOB+smalls (2.33GB),,MEGA,243
Elisabeth,2005-10-00,pro-shot,First Vienna Revival,video,"Maya Hakvoort (Elisabeth), Máté Kamarás (Der Tod), Serkan Kaya (Luigi Lucheni), André Bauer (Franz Joseph), Else Ludwig (Erzherzogin Sophie), Fritz Schmid (Erzherzog Rudolf), Johann Ebert (Erzherzog Rudolf), Dennis Kozeluh (Herzog Max in Bayern), Luzia Nistler (Herzogin Ludovika), Kerstin Ibald (Gräfin Esterházy-Liechtenstein)",Commercial proshot. Filmed on October 30 and 31.,VOB+smalls (9.45GB),,MEGA,263
Kinky Boots,2017-11-00,Rumpel,Hamburg,video,"Gino Emnes (Lola), Dominik Hees (Charlie Price), Jeannine Michèle Wacker (Lauren), Benjamin Eberling (Don), Tilman Madaus (George), Franziska Schuster (Nicola), Marlon Wehmeier (Harry), Kaatje Dierks (Trish), Frank Logemann (Mr. Price), Steffi Irmen (Pat), Luther Simon (Simon Sr.), Sebastian Krolik (Richard Bailey), Fleur Alders (Milan Stage Manager), Jana Stelley (Gemma Louise), Denise Jastraunig (Maggie), Marco Heinrich (Mutt), Boris Böhringer (Hooch), Clayton Sia (Referee), Dorival Junco (Angel), Clayton Sia (Angel), Alex Snova (Angel), Pedro Batista Gonzalez (Angel), Raúl Martin Rodriguez (Angel), Tayler Davis (Angel)","Youth roles: Gustav (Young Charlie), Chime (Young Lola)",MP4+VOB+smalls (23.05GB),,MEGA,296
Wicked,2008-06-15,SunsetBlvd79,Broadway,video,"Stephanie J. Block (Elphaba), Kendra Kassebaum (Glinda), David Burnham (Fiyero), Lenny Wolpe (The Wizard), Kathy Santen (t/r Madame Morrible), Cristy Candler (Nessarose), Ben Liebert (Boq), Michael DeVries (u/s Doctor Dillamond)","Final performance for Stephanie J. Block. Great capture of possibly the best performance ever given by an Elphaba. SJB lit the stage on fire, honestly this is one of the best individual performances I have ever attended. With such power and control, this is one Wicked NOT to be missed, you will be amazed! Kendra and SJB get emotional during For Good and it's a beautiful moment between them.",VOB (4.08GB),,MEGA,313
Tanz der Vampire,2012-08-03,Unknown,St. Petersburg,video,"Ivan Ozhogin (Graf von Krolock), Vera Sveshnikova (Sarah), Georgiy Novitzkiy (Alfred), Ivan Korytov (u/s Professor Abronsius), Konstantin Kitanin (Chagal), Natalia Bogdanis (Magda), Kirill Gordeev (Herbert von Krolock), Manana Gogitidze (Rebecca)","Limited Trades. Often this boot has been labelled as July 3, 2012, though the smalls indicate the correct date, August 3, 2012. The video itself is essentially complete but there are a few seconds missing between the individual parts. There are 7 of them and they run about 150 minutes in total.",VOB+smalls (3.95GB),,MEGA,331
Frozen,2018-05-03,NYCG8R,Broadway,video,"Caissie Levy (Elsa), Patti Murin (Anna), Mimi Ryder (Young Elsa), Zoe Glick (Young Anna), Greg Hildreth (Olaf), Jelani Alladin (Kristoff), Andrew Pirozzi (Sven), John Riddle (Hans), Kevin Del Aguila (Oaken), Robert Creighton (Weselton), Timothy Hughes (Pabbie), Olivia Phillip (Bulda), James Brown III (King Agnarr), Ann Sanders (Queen Iduna), Wendi Bergamini (Head Handmaiden), Jacob Smith (Bishop), Tracee Beazer (Ensemble), Ashley Blanchet (Ensemble), Claire Camp (Ensemble), Lauren Nicole Chapman (Ensemble), Jeremy Davis (Ensemble), Kali Grinder (Ensemble), Zach Hess (Ensemble), Donald Jones Jr. (Ensemble), Nina Lafarga (Ensemble), Ross Lekites (Ensemble), Austin Lesch (Ensemble), Synthia Link (Ensemble), Adam Perry (Ensemble), Nicholas Ward (Ensemble), Noah J. Ricketts (Ensemble)","Great capture from the Broadway transfer and a few minor changes from the Denver run. Nicely captured from the balcony. Released in two formats: VOBs + Smalls (4.21 GB) and MOVs (8.58 GB), Screenshots are from the VOBs + Smalls version.",VOB+smalls (4.21GB),,MEGA,350
Anastasia,2017-09-17,NYCG8R,Broadway,video,"Christy Altomare (Anya), Derek Klena (Dmitry), Ramin Karimloo (Gleb Vaganov), John Bolton (Vlad Popov), Caroline O'Connor (Countess Lily Malevsky-Malevitch), Mary Beth Peil (Dowager Empress Maria Feodorovna), Molly Rushing (Young Anastasia), Nicole Scimeca (Little Anastasia), Constantine Germanacos (Tsar Nicholas II), Lauren Blackman (Tsarina Alexandra), Constantine Germanacos (Count Ipolitov), Nicole Scimeca (Prince Alexei Romanov), Shina Ann Morris (Tatiana Romanov), Allison Walsh (Olga Romanov), Shina Ann Morris (Dunya), Molly Rushing (Paulina), Sissy Bell (Marfa), Sissy Bell (Maria Romanov), Ken Krugman (Count Leopold), Ken Krugman (Gorlinsky), Janet Dickinson (Countess Gregory), Allison Walsh (Odette in Swan Lake), Kyle Brown (Prince Siegfried in Swan Lake), James A. Pierce III (Von Rothbart in Swan Lake), Wes Hart (Russian Doorman)",Actors Benefit Performance. Includes post-show speeches.,VOB+smalls (4.22GB),,MEGA,369
American Psycho,2016-03-29,SunsetBlvd79,Broadway,video,"Benjamin Walker (Patrick Bateman), Jennifer Damiano (Jean), Drew Moerlein (Paul Owen), Alice Ripley (Mrs. Bateman), Alice Ripley (Mrs. Wolfe), Alice Ripley (Svetlana), Dave Thomas Brown (David Van Patten), Jordan Dean (Luis Carruthers), Anna Eilinsfeld (Victoria), Ericka Hunter Yang (Sabrina), Jason Hite (Sean Bateman), Heléne Yorke (Evelyn Williams), Ericka Hunter Yang (Video Store Clerk), Krystina Alabado (Vanden), Theo Stockman (Timothy Price), Holly James (Christine), Alex Michael Stoll (Craig McDermott), Morgan Weed Whitley (Courtney Lawrence), Alex Michael Stoll (ATM), Keith Randolph Smith (Al), Alex Michael Stoll (Tom Cruise), Keith Randolph Smith (Detective Donald Kimball), Holly James (Hardbody Trainer), Holly James (Hardbody Waitress), Krystina Alabado (Club Singer)",Excellent capture of the new dark musical transfer from the West End. Great cast and wonderful 80s style and inspired musical. A,VOB+smalls (8.02GB),,MEGA,373
The Bridges of Madison County,2014-03-09,SunsetBlvd79,Broadway,video,"Kelli O'Hara (Francesca Johnson), Steven Pasquale (Robert Kincaid), Hunter Foster (Bud Johnson), Cass Morgan (Marge), Michael X. Martin (Charlie), Derek Klena (Michael Johnson), Caitlin Kinnunen (Carolyn Johnson), Whitney Bashor (Marian), Whitney Bashor (Chiara)","Beautiful HD capture of this moving musical. Kelli and Steven do a divine job in the roles and the music is wonderfully written and performed. Really a nice piece of theatre! There are short blackouts in the beginning of Acts 1 and 2. Sometimes during Act 1, there is a head that blocks the right side of the stage and a bar on the left during the wide shots, but overall it's worked around pretty well and doesn't hide most of the action! There's significantly less blocking in Act 2. A",VOB+smalls (8.05GB),,MEGA,381
Carousel,2018-03-02,NYCG8R,Third Broadway Revival,video,"Joshua Henry (Billy Bigelow), Jessie Mueller (Julie Jordan), Renée Fleming (Nettie Fowler), Lindsay Mendez (Carrie Pipperidge), Alexander Gemignani (Enoch Snow), Margaret Colin (Mrs. Mullin), John Douglas Thompson (The Starkeeper), Amar Ramasar (Jigger Craigin), Garett Hawe (Enoch Snow Jr.), Brittany Pollack (Louise Bigelow), Andrei Chagas (Fairground Boy)",,VOB+smalls (4.22GB),,MEGA,402
Gypsy,2008-03-25,SunsetBlvd79,Fourth Broadway Revival,video,"Patti LuPone (Rose), Boyd Gaines (Herbie), Laura Benanti (Louise), Leigh Ann Larkin (June), Alison Fraser (Tessie Tura), Marilyn Caskey (Electra), Lenora Nemetz (Mazeppa), Tony Yazbeck (Tulsa), Lenora Nemetz (Miss Cratchitt)","T/W: This video contains a PETA advertisement at the beginning, which contains graphic images and may be distressing. This was included by the master on release. A not-to-be-missed production, very detailed and near perfection. Beautifully captured and performances that embody the definition of musical theater. Great close-ups. Some blackouts but not on the musical numbers. Balcony edge can be seen sometimes. Masterclass performances. A",VOB+smalls (GB),,MEGA,432
Fiddler on the Roof,2015-12-29,SJ Bernly,Fifth Broadway Revival,video,"Danny Burstein (Tevye), Jessica Hecht (Golde), Samantha Massell (Hodel), Alix Korey (Yente), Adam Kantor (Motel), Alexandra Silber (Tzeitel), Melanie Moore (Chava), Adam Dannheisser (Lazar Wolf)","First couple minutes of Act Two are blacked out, but the show is otherwise complete. A few scenes are very dark, but the actors' faces can be seen. Slight washout in the brighter scenes. Excellent picture otherwise and clear sound; good video.",VOB+smalls (7.68GB),,MEGA,438
Newsies,2016-03-06,kradder32,First US National Tour,video,"Joey Barreiro (Jack Kelly), Stephen Michael Langton (Davey Jacobs), Morgan Keene (Katherine Plumber), Zachary Sayle (Crutchie), Steve Blanchard (Joseph Pulitzer), Aisha de Haas (Medda Larkin), John Michael Pitera (Les Jacobs), Andrew Wilson (u/s Darcy)","A nice capture from the front orchestra, that results in some great close ups! This DVD gives you a perspective that most Newsies captures cannot. Zachary Sayle and Morgan Keene are huge standouts and gave fantastic performances. The action is followed nicely given the proximity to the stage, but some pieces of action have the focus delayed or are missed, as you can probably assume, dance numbers are hard to follow this close to the stage. Chaz gave a very funny BCEFA speech that is included (audio only). This capture is more wobbly than the (3/17) performance given where it was filmed in the theatre, near perfect audio that is synced with my Zoom H2.",VOB+smalls (6.52GB),,MEGA,446
My Fair Lady,2005-10-12,pro-shot,UK Tour (2005),video,"Amy Nuttall (Eliza Doolittle), Christopher Cazenove (Henry Higgins), Stephen Carlile (Freddy Eynsford-Hill), Honor Blackman (Mrs. Higgins), Russ Abbot (Alfred P. Doolittle), Stephen Moore (Colonel Hugh Pickering)","Archival recording. Stunning touring production with a massive cast, fabulous set and costumes. Mostly close up and medium shots but theres a few amazing wide shots.",VOB+smalls (5.16GB),,MEGA,520
Dear Evan Hansen,2018-05-13,conartistmurphy,Broadway,audio,"Taylor Trensch (Evan Hansen), Rachel Bay Jones (Heidi Hansen), Laura Dreyfuss (Zoe Murphy), Jennifer Laura Thompson (Cynthia Murphy), Asa Somers (s/b Larry Murphy), Mike Faist (Connor Murphy), Will Roland (Jared Kleinman), Phoenix Best (Alana Beck)",Gifted upon request. Mike Faist's last.,M4A (67MB),,MEGA,651
Evita,2014-03-20,Unknown,Seventh US National Tour,audio,"Caroline Bowman (Eva Perón), Josh Young (Che), Sean MacLaughlin (Perón), Christopher Johnstone (Magaldi), Krystina Alabado (Perón's Mistress), Jeffrey C Sousa (Ensemble), John Riddle (Ensemble), Katerina Papacostas (Ensemble), Megan Ort (Ensemble), Alison Mahoney (Ensemble), Chris Kotera (Ensemble), Patrick Oliver Jones (Ensemble), Katie Huff (Ensemble), Tony Howell (Ensemble), Katharine Heaton (Ensemble), Samantha Farrow (Ensemble), Diana DiMarzio (Ensemble), Kristen Smith Davis (Ensemble), Ronald L. Brown (Ensemble), Nicholas Belton (Ensemble), Ryan K Bailer (Ensemble)",,M4A (53.63MB),,MEGA,656
Falsettos,2017-01-08,putawaythefairytales,First Broadway Revival,audio,"Christian Borle (Marvin), Andrew Rannells (Whizzer), Stephanie J. Block (Trina), Brandon Uranowitz (Mendel), Anthony Rosenthal (Jason), Tracie Thoms (Dr. Charlotte), Betsy Wolfe (Cordelia)",Closing night! The master has asked that their audio be gifted out upon request.,MP3 (124.7MB),,MEGA,658
Frozen,2018-02-22,Today4UTomorrow4Netflix,Broadway,audio,"Caissie Levy (Elsa), Patti Murin (Anna), Brooklyn Nelson (Young Elsa), Mattea Conforti (Young Anna), Greg Hildreth (Olaf), Jelani Alladin (Kristoff), Andrew Pirozzi (Sven), John Riddle (Hans), Kevin Del Aguila (Oaken), Robert Creighton (Weselton), Timothy Hughes (Pabbie), Olivia Phillip (Bulda), James Brown III (King Agnarr), Ann Sanders (Queen Iduna)",A wonderful quality audio recorded by a friend of mine in the balcony. Someone near her decided to get up to use the restroom so there's a little commotion in the middle of Act 1. There are some phone readjustment sounds as well.,MP3 (160MB),,MEGA,663
Aladdin,2014-11-05,SunsetBlvd79,Broadway,video,"Adam Jacobs (Aladdin), Courtney Reed (Jasmine), Michael James Scott (s/b Genie), Merwin Foard (s/b Jafar), Clifton Davis (Sultan), Don Darryl Rivera (Iago), Brian Gonzales (Babkak), Jonathan Schwartz (Omar), Brandon O'Neill (Kassim)",Beautiful HD capture of latest Disney Broadway offering. Great to see the changes from the Toronto tryout. Michael and Merwin do terrific jobs as Genie and Jafar. Includes Adam's Broadway Cares speech.,VOB+smalls (7.58GB),,MEGA,679
A Gentleman's Guide to Love and Murder,2015-11-13,hochbergaudio,First US National Tour,audio,"Kevin Massey (Monty Navarro), John Rapson (The D'Ysquith Family), Kristen Beth Williams (Sibella Hallward), Adrienne Eller (Phoebe D'Ysquith), Mary VanArsdel (Miss Marietta Shingle), Christopher Behmke (Magistrate), Kristen Mengelkoch (Lady Eugenia D'Ysquith), Ben Roseberry (Actor), Christopher Behmke (Actor), Matt Leisy (Actor), Christopher Behmke (Mr. Gorby), Matt Leisy (Tom Copley), Matt Leisy (Newsboy), Megan Loomis (Newsboy), Ben Roseberry (Newsboy), Lesley McKinnell (Miss Evangeline Barley), Ben Roseberry (Chief Inspector Pinckney), Megan Loomis (Tour Guide), Matt Leisy (Guard), Kristen Mengelkoch (Others), Lesley McKinnell (Others)",Includes Kevin and Johns BC/EFA speech.,M4A (63MB),,MEGA,729
In the Heights,2018-03-22,StarCuffedJeans,Broadway Center Stage,audio,"Anthony Ramos (Usnavi), Ana Villafañe (Nina), J. Quinton Johnson (Benny), Vanessa Hudgens (Vanessa), Saundra Santiago (Abuela Claudia), Rick Negron (Kevin), Blanca Camacho (Camila), Eden Espinosa (Daniela), Arianna Rosario (Carla), Mateo Ferro (Sonny), Virgil Gadson (Graffiti Pete), Eliseo Roman (Piragua Guy)",A fantastic cast and a wonderful quality audio taken from the 6th row. To be gifted upon request.,MP3 (461.6MB),,MEGA,736
Waitress,2017-01-25,PopularLikeMe,Broadway,audio,"Jessie Mueller (Jenna), Anastacia McCleskey (u/s Becky), Caitlin Houlahan (Dawn), Drew Gehling (Dr. Pomatter), Christopher Fitzgerald (Ogie), Joe Cassidy (t/r Cal), Dakin Matthews (Joe), William Popp (Earl)",,MP3 (60.4MB),,MEGA,944
Waitress,2017-03-26,tinyrevolt,Broadway,audio,"Jessie Mueller (Jenna), Charity Angél Dawson (Becky), Caitlin Houlahan (Dawn), Drew Gehling (Dr. Pomatter), Christopher Fitzgerald (Ogie), Eric Anderson (Cal), Dakin Matthews (Joe), William Popp (Earl)",Jessie Muellers final show *To be gifted upon request,M4A (61.55MB),,MEGA,946
Wicked,2004-06-13,irnbruise,Broadway,audio,"Idina Menzel (Elphaba), Eden Espinosa (s/b Elphaba), Laura Bell Bundy (s/b Glinda), Kristoffer Cusick (u/s Fiyero), Sean McCourt (u/s The Wizard), Carole Shelley (Madame Morrible), Michelle Federer (Nessarose), Christopher Fitzgerald (Boq), William Youmans (Doctor Dillamond)",Understudy Day! Idina grows progressively sicker throughout the first act. You can really hear it during Defying Gravity and Eden takes over Act 2.,MP3 (130.5MB),,MEGA,970
Hamilton,2018-05-19,GoodMorningVanessa,West End,audio,"Ash Hunter (alt Alexander Hamilton), Rachelle Ann Go (Eliza Hamilton), Sifiso Mazibuko (s/b Aaron Burr), Rachel John (Angelica Schuyler), Obioma Ugoala (George Washington), Jason Pennycooke (Marquis de Lafayette), Jason Pennycooke (Thomas Jefferson), Tarinn Callender (Hercules Mulligan), Tarinn Callender (James Madison), Cleve September (John Laurens), Cleve September (Philip Hamilton), Christine Allado (Peggy Schuyler), Christine Allado (Maria Reynolds), Michael Jibson (King George III), Waylon Jacobs (Philip Schuyler), Waylon Jacobs (James Reynolds), Waylon Jacobs (Doctor), Jack Butterworth (Samuel Seabury), Leslie Garcia Bowman (Charles Lee), Jon-Scott Clark (s/w George Eacker), Leah Hill (Ensemble), Lia Given (s/w Ensemble), Kelly Downing (Ensemble), Johnny Bishop (Ensemble), Lindsey Tierney (s/w Ensemble), Miriam-Teak Lee (Ensemble), Gabriel Mokake (Ensemble)",Must be gifted upon request,MP3 (362.5MB),,MEGA,996
Company,2017-08-15,totallyoffbway,Barrington Stage Company,audio,"Aaron Tveit (Bobby), Ellen Harvey (Joanne), Peter Reardon (Larry), Lauren Marcus (Amy), Joseph Spieldenner (Paul), Jeannette Bayardelle (Sarah), Lawrence E. Street (Harry), Kate Loprest (Susan), Paul Adam Schaefer (Peter), Jane Pfitsch (Jenny), James Ludwig (David), Mara Davi (April), Nora Schell (Marta), Rebecca Kuznick (Kathy)","Stellar performances all around! Includes a very intriguing 25 minute talk-back with director Julianne Boyd, Aaron Tveit and most of the cast.",MP3 (300.2MB),,MEGA,1004
Anything Goes,2013-03-23,Lanelle,Third US National Tour,video,"Rachel York (Reno Sweeney), Josh Franklin (Billy Crocker), Fred Applegate (Moonface Martin), Alex Finke (Hope Harcourt)",,VOB+smalls (6.6GB),,MEGA,1020
Cinderella (Rodgers & Hammerstein),2014-08-21,SJ Bernly,Broadway,video,"Paige Faure (Ella), Joe Carroll (Topher), Victoria Clark (Marie), Nancy Opel (Madame), Todd Buonopane (Jean-Michel), Ann Harada (Charlotte), Stephanie Gibson (Gabrielle), Branch Woodman (u/s Lord Pinkleton), Peter Bartlett (Sebastian)","A nice capture of Paige's Broadway run. Act One has a couple small heads that can occasionally be seen at the bottom of the screen, but they don't affect the action. Act Two has no obstruction, but there is one blackout for about one minute during The Pursuit. There are also a couple quick dropouts in each act. It's filmed in 16:9, with a mix of wides, mediums, and close-ups. There is some chatter from the kids in the audience, but the sound is otherwise excellent. Includes curtain call, encore, and playbill scans.",VOB+smalls (7.22GB),,MEGA,1068
"Natasha, Pierre & The Great Comet of 1812",2016-12-29,SJ Bernly,Broadway,video,"Denée Benton (Natasha), Josh Groban (Pierre), Brittain Ashford (Sonya), Grace McLean (Marya D.), Lucas Steele (Anatole), Amber Gray (Hélène), Manik Choksi (Dolokhov), Nicholas Belton (Bolkonsky), Gelsey Bell (Mary), Paul Pinto (Balaga), Nicholas Belton (Andrey), Gelsey Bell (Opera Singer), Gelsey Bell (Maidservant)","Fantastic and powerful performances from the whole cast. This is as nicely captured as can be expected from this show. There are several set pieces that obstruct the view of the action in certain places. There are about fourteen minutes of blackouts: most of the first seven minutes of Act One, one and a half minutes of The Private and Intimate Life of the House, one minute of The Ball, three minutes of Balaga, one minute of The Abduction, and a couple other quick dropouts. It's filmed in 16:9, with a mix of wides, mediums, and close-ups. The sound is excellent. Includes curtain call and playbill scans. Released as both a DVD and a Blu-Ray.",VOB+smalls (8.55GB),,MEGA,1071
Les Misérables,2007-08-24,Unknown,First Broadway Revival,video,"Drew Sarich (Jean Valjean), Robert Hunt (Javert), Nikki Renée Daniels (u/s Fantine), Ali Ewoldt (Cosette), Adam Jacobs (Marius), Megan McGinnis (Éponine), Chip Zien (Thénardier), Max von Essen (Enjolras), Becca Ayers (u/s Madame Thénardier), Brian D'Addario (Gavroche), Kaylie Rubinaccio (Little Cosette), Kylie Liya Goldstein (Young Éponine), Q Smith (u/s Ensemble)","A nice capture of the new cast with some nice close-ups/mediums. Can be dark at times, but mostly in the darker scenes. Includes a technical difficulty when the barricades first come out; the show is stopped and stage is reset before continuing. A-",VOB+smalls (7.91GB),,MEGA,1160
Love Never Dies,2014-03-26,Unknown,Japan,audio,"Masachika Ichimura (The Phantom), Megumi Hamada (Christine Daaé), Mario Tashiro (Raoul de Chagny), Ran Ootori (Madame Giry), Mao Ayabuki (Meg Giry), Tsukito Matsui (Gustave)",Limited trade,MP3 (118.9MB),2:1,MEGA,1284
A Bed and a Chair: A New York Love Affair,2013-11-13,NYCG8R,Encores! Special Event,video,"Bernadette Peters (Female 1), Cyrille Aimee (Female 2), Norm Lewis (Male 1), Jeremy Jordan (Male 2), Elizabeth Parkinson (Female Dancer 1), Meg Gillentine (Female Dancer 2), Grasan Kingsberry (Male Dancer 1), Tyler Hanes (Male Dancer 2)",A little shaky with heads in the way at the start due to latecomers. It gets better with only some heads towards the bottom of the screen. Nice video with good picture.,VOB+smalls (3.97GB),,MEGA,1343
Bring It On: The Musical,2011-12-04,SunsetBlvd79,First US National Tour,video,"Taylor Louderman (Campbell), Adrienne Warren (Danielle), Elle McLemore (Eva), Ryann Redmond (Bridget), Jason Gotay (Randall), Ariana DeBose (Nautica), Gregory Haney (La Cienega), Neil Haskell (Steven), Janet Krupin (Kylar), Kate Rockwell (Skylar), Nicolas Womack (Twig)",From the National Tour that would eventually lead to a run on Broadway. An excellent capture of this new musical that was surprisingly a great time. A,VOB+smalls (4.27GB),,MEGA,1349
Bandstand,2017-04-01,putawaythefairytales,Broadway,audio,"Corey Cott (Donny Novitski), Laura Osnes (Julia Trojan), James Nathan Hopkins (Jimmy Campbell), Joe Carroll (Johnny Simpson), Geoff Packard (Wayne Wright), Brandon J Ellis (Davy Zlatic), Alex Bender (Nick Radel), Beth Leavel (Mrs. June Adams)",Second Preview. NFT/S,MP3 (252.09MB),,MEGA,1451
The Book of Mormon,2010-09-01,pro-shot,Workshop,video,"Andrew Rannells (Elder Price), Josh Gad (Elder Cunningham), Nikki M. James (Nabulungi), Rory O'Malley (Elder McKinley), Michael Potts (Mafala Hatimbi), Lewis Cleale (Mission President), Lewis Cleale (Joseph Smith), Kevin Duda (Cunningham's Father), Lewis Cleale (Price's Father), Clark Johnsen (Elder Michaels), Scott Barnhardt (Elder Thomas), Justin Bohon (Elder Zelder), John Eric Parker (Guard), Asmeret Ghebremichael (Ensemble)","Workshop all staged on barebones sets. Very interesting changes from the eventual Broadway version, including a much different “All American Prophet” (a squaredancey number called “The Bible is a Trilogy, Too”) This version is far less polished and focused but incredibly interesting to see for fans of the show.",VOB+smalls (2.6GB),,MEGA,1577
Hairspray,2006-01-31,Pigerty,Broadway,video,"Michelle Dowdy (u/s Tracy Turnblad), John Pinette (Edna Turnblad), Darlene Love (Motormouth Maybelle), Tracy Miller (Penny Pingleton), Leah Hocking (Velma Von Tussle), Becky Gulsvig (Amber Von Tussle), Stephen DeRosa (Wilbur Turnblad), Andrew Rannells (Link Larkin), Michael Cunio (u/s Corny Collins), Tevin Campbell (Seaweed J. Stubbs), Chloe Smith (Little Inez), Julie Halston (Prudy Pingleton), Kevin Meaney (Mr. Pinky), Cameron Adams (Brenda), Tyler Hanes (Fender), Anne Warren (Lou Ann), Lindsay Nicole Chambers (Tammy), Todd Michel Smith (IQ), Donna Vivino (Shelley), Bryan West (Sketch), Tyrick Wiltez Jones (Duane), Arbender Robinson (Gilbert), Julie Halston (Gym Teacher), Julie Halston (Matron), Terita R. Redd (Lorraine), Kevin Meaney (Harriman F. Spritzer), Carla J. Hargrove (Dynamite), Judine Somerville (Dynamite), Candice Marie Woods (Dynamite), Rashad Naylor (Thad), Kevin Meaney (Principal), Kevin Meaney (Guard)",Blackouts during It Takes Two and after Edna’s You Cant Stop The Beat. Does not include curtain call.,VOB+smalls (3.2GB),,MEGA,1604
"tick, tick...BOOM!",2014-06-26,Unknown,Encores!,audio,"Lin-Manuel Miranda (Jon), Leslie Odom Jr. (Michael), Karen Olivo (Susan)","Quality B, not good.",MP3 (50.9MB),,MEGA,1622
Mean Girls,2018-08-22,TJonC,Broadway,audio,"Erika Henningsen (Cady Heron), Taylor Louderman (Regina George), Ashley De La Rosa (s/b Gretchen Wieners), Kate Rockwell (Karen Smith), Barrett Wilbert Weed (Janis Sarkisian), Brendon Stimson (u/s Damian Hubbard), Kyle Selig (Aaron Samuels), Cheech Manohar (Kevin Gnapoor), Kerry Butler (Mrs. Heron), Kerry Butler (Ms. Norbury), Kerry Butler (Mrs. George), Rick Younger (Principal Duvall), Gianna Yanelli (Ensemble), Zurin Villanueva (Ensemble), Kamille Upshaw (Ensemble), Becca Petersen (s/w Ensemble), Nikhil Saboo (Ensemble), Curtis Holland (Ensemble), Devon Hadsell (Ensemble), Riza Takahashi (Ensemble), Kevin Csolak (Ensemble), DeMarius R. Copes (Ensemble), Ben Cook (Ensemble), Collins Conley (Ensemble), Stephanie Lynn Bissonnette (Ensemble), Myles McHale (Ensemble), Patrick Garr (s/w Ensemble)",,M4A (97.2MB),,MEGA,1697
Hamilton,2018-08-04,GoodMorningVanessa,West End,audio,"Ash Hunter (alt Alexander Hamilton), Rachelle Ann Go (Eliza Hamilton), Giles Terera (Aaron Burr), Rachel John (Angelica Schuyler), Obioma Ugoala (George Washington), Waylon Jacobs (u/s Marquis de Lafayette), Waylon Jacobs (u/s Thomas Jefferson), Tarinn Callender (Hercules Mulligan), Tarinn Callender (James Madison), Jack Butterworth (u/s John Laurens), Jack Butterworth (u/s Philip Hamilton), Miriam-Teak Lee (u/s Peggy Schuyler), Miriam-Teak Lee (u/s Maria Reynolds), Michael Jibson (King George III)",Can be traded but must be gifted upon request.,MP3 (491MB),,MEGA,1767
Charlie and the Chocolate Factory,2017-04-20,SunsetBlvd79,Broadway,video,"Christian Borle (Willy Wonka), Ryan Foust (Charlie Bucket), John Rubinstein (Grandpa Joe), Emily Padgett (Mrs. Bucket), Michael Wartella (Mike Teavee), Jackie Hoffman (Mrs. Teavee), Emma Sofia (Veruca Salt), Ben Crawford (Mr. Salt), Trista Dollison (Violet Beauregarde), Alan H. Green (Mr. Beauregarde), F. Michael Haynie (Augustus Gloop), Kathy Fitzgerald (Mrs. Gloop)","Great HD capture of the new musical based on classic Roald Dahl novel. A fresh dark take on the material, which was fun and very enjoyable! A great comedic cast and innovative production. A",VOB+smalls (7.89GB),,MEGA,1975
The Phantom of the Opera (Andrew Lloyd Webber),2008-09-09,Unknown,West End,video,"Ramin Karimloo (The Phantom of the Opera), Gina Beck (Christine Daaé), Simon Bailey (Raoul de Chagny), Kate Radmilovic (Carlotta Giudicelli), Barry James (Monsieur Firmin), Gareth Snook (Monsieur André), Heather Jackson (Madame Giry), Rohan Tickell (Ubaldo Piangi), Tori Johns (Meg Giry)","Gina, Simon, Kate and Tori's first show.",VOB+smalls (6.22GB),,MEGA,2077
Wicked,2006-05-28,secretlydefying,Broadway,video,"Eden Espinosa (Elphaba), Megan Hilty (Glinda), Derrick Williams (Fiyero), David Garrison (The Wizard), Carol Kane (Madame Morrible), Jenna Leigh Green (Nessarose), Robb Sapp (Boq), Sean McCourt (Doctor Dillamond)","Megan Hilty's last show in the Broadway run (she will reprise the role of Glinda in the Los Angeles run). A very Megan-centric recording, good close-ups and follows the action very well. Includes detailed scene selection, playbill scans at the start (DVD 1) and stage door recordings (DVD 2). One of, if not the best performance of Megan.",VOB (7.58GB),,MEGA,2092
Waitress,2016-07-10,coffeeisthebesttrades,Broadway,audio,"Jessie Mueller (Jenna), Keala Settle (Becky), Stephanie Torns (u/s Dawn), Drew Gehling (Dr. Pomatter), Christopher Fitzgerald (Ogie), Eric Anderson (Cal), Dakin Matthews (Joe), Ryan Vasquez (u/s Earl), Charity Angél Dawson (Nurse Norma), Claire Keane (Lulu), Molly Hager (Mother), Henry Gottfried (s/w Father)","Act 1 is complete. Act 2 cuts off just after Jenna reads the note from Joe. Do NOT post this audio or any clips of it on Youtube, Tumblr, Twitter, or any other public site.",MP3 (148.5MB),,MEGA,2200
Wicked,2017-05-28,PopularLikeMe,Second US National Tour (Munchkinland),audio,"Emily Schultheis (s/b Elphaba), Ginna Claire Mason (Glinda), Jeremy Woodard (Fiyero), Fred Applegate (The Wizard), Isabel Keating (Madame Morrible), Kristen Martin (Nessarose), Robin de Jesús (Boq), Harry Bouvy (Doctor Dillamond)",,MP3 (64.9MB),,MEGA,2251
The Drowsy Chaperone,2007-05-13,house-cam,West End,video,"Bob Martin (Man in Chair), Summer Strallen (Janet Van De Graaff), Elaine Paige (The Drowsy Chaperone), John Partridge (Robert Martin), Joseph Alessi (Aldolpho)","Proshot. A producer's archive of the final dress rehearsal. Shot on a tripod with zooms. There are two minutes missing: one minute immediately before Stumble Along and another immediately after Love Is Always Lovely (missing the announcement of the Chaperones' engagement). Two versions circulate. One is 2.86 GB, this is where the first four screenshots are from. The other is 3.02 GB, with worse audio and video, and much blurrier motion (see fifth screnshot).",VOB+smalls (2.87GB),,MEGA,2355
Hamilton,2015-07-00,SunsetBlvd79,Broadway,video,"Lin-Manuel Miranda (Alexander Hamilton), Phillipa Soo (Eliza Hamilton), Leslie Odom Jr. (Aaron Burr), Renée Elise Goldsberry (Angelica Schuyler), Christopher Jackson (George Washington), Daveed Diggs (Marquis de Lafayette), Daveed Diggs (Thomas Jefferson), Okieriete Onaodowan (Hercules Mulligan), Okieriete Onaodowan (James Madison), Anthony Ramos (John Laurens), Anthony Ramos (Philip Hamilton), Jasmine Cephas Jones (Peggy Schuyler), Jasmine Cephas Jones (Maria Reynolds), Jonathan Groff (King George III), Sydney James Harcourt (Philip Schuyler), Sydney James Harcourt (James Reynolds), Sydney James Harcourt (Doctor), Thayne Jasperson (Samuel Seabury), Jon Rua (Charles Lee), Ephraim Sykes (George Eacker), Stephanie Klemons (s/w Ensemble), Carleigh Bettiol (Ensemble), Sasha Hutchings (Ensemble), Emmy Raver-Lampman (Ensemble), Austin Smith (Ensemble), Seth Stewart (Ensemble), Betsy Struxness (Ensemble)","Released as July, 2015, also known as July 16, 2015. Beautiful HD capture of the much hyped and lived up to Broadway hit! The performances were astounding as was the show as a whole. Phillipa gave such a beautiful performance! A.",VOB (8.11GB),,MEGA,2361
Beauty and the Beast (Disney),2003-00-00,house-cam,First UK Tour,video,"Dianne Pilkington (Belle), Alex Bourne (Beast), Earl Carpenter (Gaston), Richard Tate (Maurice), Stephen Matthews (Lumière), Barry James (Cogsworth), Marilyn Cutts (Mrs. Potts), Drew Varley (Le Fou)","One camera housecam pro-shot, full stage, no zooms",VOB (3.99GB),,MEGA,2381
The Hunchback of Notre Dame (Disney),2018-07-14,Unknown,Japan (Shiki Theatre Company),audio,"Akitaka Tanaka (Quasimodo), Ai Miyata (Esmeralda), Tatsuya Kawaguchi (Claude Frollo), Jin Sakuma (Captain Phoebus de Martin), Yoshitsugu Abe (Clopin Trouillefou)",,FLAC+M4A (1.35GB),,MEGA,2473
Matilda the Musical,2013-05-09,Lanelle,Broadway,video,"Oona Laurence (Matilda), Bertie Carvel (Miss Trunchbull), Lauren Ward (Miss Honey), Lesli Margherita (Mrs. Wormwood), Gabriel Ebert (Mr. Wormwood), Taylor Trensch (Michael Wormwood), Karen Aldridge (Mrs. Phelps), Phillip Spaeth (Rudolpho), Jack Broderick (Bruce), Frenie Acoba (Lavender), Jared Parker (Nigel), Samantha Sturm (Acrobat), Ben Thompson (Escapologist)","Oona is a darker, more brooding Matilda and it works well. The first act is nearly perfect and unobstructed, second act’s escapologist scene (~3 minutes) is audio only and there is some slight head obstruction at times during the second act. 2 Discs",VOB (7.3GB),,MEGA,2503
Oliver!,2009-07-16,cynicale,Fifth West End Revival,audio,"Rowan Atkinson (Fagin), Jay Bryce (u/s Bill Sikes), Jodie Prenger (Nancy)",not the best quality,MP3 (155MB),,MEGA,2519
Breakfast at Tiffany's (Richard Greenberg),2013-03-09,Lanelle,Broadway,video,"Emilia Clarke (Holly Golightly), Cory Michael Smith (Fred), George Wendt (Joe Bell), James Yaegashi (I.Y. Yunioshi), Suzanne Bertish (Madame Spanella), John Rothman (Editor), John Rothman (Sid Arbuck), Tony Torn (Rusty Trawler), Lee Wilkof (OJ Berman)","Shot in between a great deal of heads. Be warned, this production contains nudity during a bathtub scene. The production strays away much from the film that made it so popular.",VOB+smalls (3.75GB),,MEGA,2600
Les Misérables,2011-07-14,pro-shot,Madrid Revival,video,"Gerónimo Rauch (Jean Valjean), David Ordinas (u/s Javert), Virginia Carmona (Fantine), Talía del Val (Cosette), Guido Balzaretti (Marius), Lydia Fairén (Éponine), Enrique R. del Portal (Thénardier), Daniel Diges (Enjolras), Eva Diago (Madame Thénardier)",Multi-Camera proshot,VOB+smalls (3.5GB),,MEGA,2701
Spring Awakening,2009-07-04,Unknown,Shiki Theatre Company,audio,"Hayato Kakizawa (Melchior Gabor), Kasumi Hayashi (Wendla Bergmann), Hajime Mikumo (Moritz Stiefel), Maya Kanehira (Ilse Neumann), Hitomi Musa (Martha Bessell), Yosuke Ichiwa (Hanschen Rilow), Susumu Kato (Otto Lämmermeier), Hidenori Shirase (Georg Zirschnitz), Mikiko Arimura (Thea), Yuko Matta (Anna Wheelan), Kazuki Takeuchi (Ernst Robel)",,MP3 (110MB),,MEGA,2792
Wicked,2001-12-14,soundboard,Workshop,audio,"Idina Menzel (Elphaba), Kristin Chenoweth (Glinda), David Burnham (Fiyero), Lenny Wolpe (The Wizard), Katherine Helmond (Madame Morrible), Amy Spanger (Nessarose), Gavin Creel (Boq), Steven Skybell (Doctor Dillamond)","Recorded before the show had ever been staged. Some minor plot differences and some different lyrics, and includes some songs that never made it to the show we know and love today (example: As If By Magic, part of a plot line that followed closer to the original novel.) No orchestra - the instrumental is just a piano backing everything. Stage directions spoken (example going into ALAYM: Scene four, a cheap rented room). Recently replaced with a new, clearer, copy—this one including somewhere around 30 tracks, compared to 12.",MP3 (169.5MB or 57.9MB),,MEGA,2824
The Phantom of the Opera (Andrew Lloyd Webber),1999-07-31,Unknown,West End,audio,"Mike Sterling (The Phantom of the Opera), Charlotte Page (Christine Daaé), Garðar Thór Cortes (Raoul de Chagny), Margaret Preece (Carlotta Giudicelli), Amanda Light (Meg Giry)",,MP3 (121.7MB),,MEGA,2885
Cats,2016-08-06,Mystie,First Broadway Revival,audio,"Leona Lewis (Grizabella), Quentin Earl Darrington (Old Deuteronomy), Christopher Gurr (Gus), Christine Cornish (Bombalurina), Andy Huntington Jones (Munkustrap), Tyler Hanes (Rum Tum Tugger), Madison Mitchell (Demeter), Emily Pynenburg (Cassandra), Jeremy Davis (Skimbleshanks), Christopher Gurr (Bustopher Jones), Jess LeProtto (Mungojerrie), Shonica Gooden (Rumpleteazer), Sara Jean Ford (Jellylorum), Eloise Kropp (Jennyanydots), Ricky Ubeda (Mr. Mistoffelees), Daniel Gaymon (Macavity), Ahmad Simmons (Alonzo), Giuseppe Bausilio (Carbucketty), Arianna Rosario (Sillabub), Sharrod Williams (Pouncival), Lili Froehlich (Electra), Daniel Gaymon (Plato), Christopher Gurr (Peter), Emily Tate (Tantomile), Georgina Pazcoguin (Victoria), Corey John Snide (Coricopat)",,MP3 (112.8MB),,MEGA,2895
Cats,2014-12-27,Unknown,West End Revival,audio,"Nicole Scherzinger (Grizabella), Nicholas Pound (Old Deuteronomy), Paul F Monaghan (Gus), Charlene Ford (Bombalurina), Callum Train (Munkustrap), Antoine Murray-Straughan (Rum Tum Tugger), Zizi Strallen (Demeter), Cassie Clare (Cassandra), Ross Finnie (Skimbleshanks), Paul F Monaghan (Bustopher Jones), Benjamin Yates (Mungojerrie), Dawn Williams (Rumpleteazer), Clare Rickard (Jellylorum), Laurie Scarth (Jennyanydots), Joseph Poulton (Mr. Mistoffelees), Cameron Ball (Macavity), Adam Lake (Alonzo), Paul F Monaghan (Growltiger), Adam Salter (Bill Bailey), Cameron Ball (Admetus), Adam Salter (Tumblebrutus), Joel Morris (Carbucketty), Natasha Mould (Jemima), Kathryn Barnes (Tantomile), Hannah Kenna Thomas (Victoria), Benjamin Mundy (Coricopat)",,M4A (131MB),,MEGA,2896
Wicked,2009-02-20,Unknown,Stuttgart,video,"Willemijn Verkaik (Elphaba), Lucy Scherer (Glinda), Mathias Edenborn (Fiyero), Stefan Poslovski (u/s The Wizard), Barbara Raunegger (Madame Morrible), Nicole Radeschnig (Nessarose), Robert Knorr (u/s Boq), Michael Günther (Doctor Dillamond)","Willemijn seemed to be in a bit of a funny mood, she cracked up in Heissgeliebt (Popular) and nearly started laughing in the Catfight. She does a High Witch Cackle in the Cornfield scene, probably to try it for Janas last the next day. Lucy seemed out to make her laugh even more than usual. Most of Wicked Witch of the East is missing and so is the beginning of March of the Witch Hunters.",VOB+smalls (4.31GB),,MEGA,3029
Kinky Boots,2017-01-04,Today4UTomorrow4Netflix,Broadway,audio,"Todrick Hall (Lola), Killian Donnelly (Charlie Price), Ellyn Marie Marsh (u/s Lauren), Daniel Stewart Sherman (Don), Marcus Neville (George), Shannon O'Boyle (Nicola), Ross Lekites (Harry), Jennifer Perry (Trish), Stephen Tewksbury (u/s Mr. Price), Natalie Joy Johnson (Pat), Eugene Barry-Hill (Simon Sr.), John Jeffrey Martin (Richard Bailey), Jake Katzman (Young Charlie), Jesús Del Orden (Young Lola), Adinah Alexander (Milan Stage Manager)",,WAV+MP3 (713.7MB),,MEGA,3128
The Phantom of the Opera (Andrew Lloyd Webber),1990-03-19,Unknown,Broadway,audio,"Steve Barton (The Phantom of the Opera), Katharine Buffaloe (alt Christine Daaé), Davis Gaines (Raoul de Chagny), Marilyn Caskey (Carlotta Giudicelli), George Lee Andrews (Monsieur Firmin), Jeff Keller (Monsieur André), Leila Martin (Madame Giry), Elisa Heinsohn (Meg Giry)",Steve Barton and Davis Gaines' first performances. Missing Magical Lasso and Notes/Prima Donna.,MP3 (100.1MB),,MEGA,3166
The Phantom of the Opera (Andrew Lloyd Webber),1988-04-30,Unknown,Broadway,audio,"Michael Crawford (The Phantom of the Opera), Patti Cohenour (alt Christine Daaé), Steve Barton (Raoul de Chagny), Judy Kaye (Carlotta Giudicelli), Nick Wyman (Monsieur Firmin), Cris Groenendaal (Monsieur André), Leila Martin (Madame Giry), David Romano (Ubaldo Piangi), Elisa Heinsohn (Meg Giry)",,M4A (124MB),,MEGA,3168
The Phantom of the Opera (Andrew Lloyd Webber),1987-10-10,soundboard,West End,audio,"Michael Crawford (The Phantom of the Opera), Rebecca Caine (alt Christine Daaé), Steve Barton (Raoul de Chagny), Rosemary Ashe (Carlotta Giudicelli), Royce Mills (Monsieur Firmin), David Firth (Monsieur André), Mary Millar (Madame Giry), John Aron (Ubaldo Piangi), Janet Devenish (Meg Giry)","Soundboard. Michael and Steve's last in London. As per the uploader's request, this one can and will be GIFTED and SHARED out to anyone who asks.",MP3 (131.4MB),,MEGA,3187
Cats,1995-11-08,Unknown,West End,audio,"Clare Burt (Grizabella), Greame Lauren (s/b Old Deuteronomy), Tony Timberlake (Gus), Vanessa Leagh-Hicks (Bombalurina), Andrew Halliday (Munkustrap), John Partridge (Rum Tum Tugger), Michele Hooper (Demeter), Deborah Shrimpton (Cassandra), Tommi Sliiden (u/s Skimbleshanks), Tony Timberlake (Bustopher Jones), Ian Meeson (Mungojerrie), Vikki Coote (Rumpleteazer), Carrie Ellis (Jellylorum), Beth Robson (u/s Jennyanydots), Thomas Pathon (Mr. Mistoffelees), Richard Armitage (Macavity), Nunzio Lombardo (Alonzo), Tony Timberlake (Growltiger), Daniel Crossley (Bill Bailey), Richard Armitage (Admetus), Daniel Crossley (Tumblebrutus), Sandy Rass (Carbucketty), Kimberley Partridge (Jemima), Nicola Lee-Owens (Electra), Tee Soo-Chan (Tantomile), Sandra Kater (Victoria), David Olton (Coricopat), Charlotte Peck (Etcetera), Steven Wayne (George)",,MP3 (126.7MB),,MEGA,3428
Cats,2001-05-11,Unknown,West End,audio,"Chrissie Hammond (Grizabella), Mark McKerracher (Old Deuteronomy), Gareth Snook (Gus), Julie Barnes (Bombalurina), David Ashley (Munkustrap), Tom Lucas (Rum Tum Tugger), Barbara King (Demeter), Candice Evans (Cassandra), Ross Finnie (Skimbleshanks), Gareth Snook (Bustopher Jones), Matthew Cross (Mungojerrie), Marilyn Wulff (Rumpleteazer), Rebecca Lock (Jellylorum), Kerry Washington (Jennyanydots), Campbell McKenzie (Mr. Mistoffelees), Philip Michael (Macavity), Sebastian Rose (Alonzo), Gareth Snook (Growltiger), Nick Crossley (Bill Bailey), Philip Michael (Admetus), Nick Crossley (Tumblebrutus), Mark John Richardson (Carbucketty), Lindsey Wise (Jemima), Julie Carlton (Electra), Rachel Mooney (Tantomile), Emma Kerslake (Victoria), Chris Houston (Coricopat)",20th Anniversary Performance,MP3 (179.1MB),,MEGA,3429
Cats,2002-04-26,Unknown,West End,audio,"Chrissie Hammond (Grizabella), Junix Inocian (Old Deuteronomy), Gareth Snook (Gus), Alexis Owen Hobbs (Bombalurina), Jack Rebaldi (Munkustrap), John Partridge (Rum Tum Tugger), Barbara King (Demeter), Ross Finnie (Skimbleshanks), Gareth Snook (Bustopher Jones), Adrian Edmeades (Mungojerrie), Lynsey Britton (Rumpleteazer), Louisa Shaw (Jellylorum), Susie Fenwick (Jennyanydots), Ben Tyrrell (Mr. Mistoffelees), Gareth Snook (Growltiger), Caroline Bagnall (Jemima), Louisa Shaw (Griddlebone)",,MP3 (125.9MB),,MEGA,3430
Cats,2002-05-11,Unknown,West End,audio,"Chrissie Hammond (Grizabella), Junix Inocian (Old Deuteronomy), Alexis Owen Hobbs (Bombalurina), Jack Rebaldi (Munkustrap), John Partridge (Rum Tum Tugger), Barbara King (Demeter), Tiffany Graves (Cassandra), Sandy Rass (u/s Skimbleshanks), Peter Polycarpou (Bustopher Jones), Adrian Edmeades (Mungojerrie), Lynsey Britton (Rumpleteazer), Susie Fenwick (Jennyanydots), Ben Tyrrell (Mr. Mistoffelees), Kenny Linden (Macavity), Robert Foley (Bill Bailey), Jye Frasca (Carbucketty), Caroline Bagnall (Jemima), Julie Carlton (Electra), Matthew Atwell (Victor), Helen Harper (Tantomile), Chris Jarvis (Rumpus Cat), Sorrell Thomas (Victoria), Oliver Tydman (Coricopat), Sarah Jane Honeywell (Etcetera)",Last matinée of the West End production before it closed with the show in the evening.​,MP3 (153.8MB),,MEGA,3431
Cats,2015-10-28,Toshos,West End Revival,audio,"Beverley Knight (Grizabella), Adam Linstead (Old Deuteronomy), Paul F Monaghan (Gus), Emma Lee Clark (Bombalurina), Matt Krzan (Munkustrap), Marcquelle Ward (Rum Tum Tugger), Anna Woodside (Demeter), Danielle Cato (Cassandra), Evan James (Skimbleshanks), Paul F Monaghan (Bustopher Jones), Harry Francis (Mungojerrie), Georgie Leatherland (Rumpleteazer), Clare Rickard (Jellylorum), Jane Quinn (Jennyanydots), Mark John Richardson (Mr. Mistoffelees), Javier Cid (Macavity), Jack Butterworth (Alonzo), Paul F Monaghan (Growltiger), Jon-Scott Clark (Bill Bailey), Javier Cid (Admetus), Jon-Scott Clark (Tumblebrutus), Jordan Shaw (Carbucketty), Tarryn Gee (Jemima), Gabrielle Cocca (Tantomile), Hannah Kenna Thomas (Victoria), Alex Pinder (u/s Coricopat)",,M4A (128.9MB),,MEGA,3435
Cats,1982-09-28,Unknown,Broadway,audio,"Betty Buckley (Grizabella), Ken Page (Old Deuteronomy), Stephen Hanan (Gus), Donna King (Bombalurina), Harry Groener (Munkustrap), Terrence Mann (Rum Tum Tugger), Wendy Edmead (Demeter), Rene Ceballos (Cassandra), Reed Jones (Skimbleshanks), Stephen Hanan (Bustopher Jones), Christine Langner (Rumpleteazer), Bonnie Simmons (Jellylorum), Anna McNeely (Jennyanydots), Timothy Scott (Mr. Mistoffelees), Kenneth Ard (Macavity), Héctor Jaime Mercado (Alonzo), Stephen Hanan (Growltiger), Robert Hoshour (Tumblebrutus), Stephen Gelfer (Carbucketty), Whitney Kershaw (Sillabub), Kenneth Ard (Plato), Marlene Danielle (Tantomile), Cynthia Onrubia (Victoria), Rene Clemente (Coricopat), Christine Langner (Etcetera)",,MP3 (157.6MB),,MEGA,3438
Cats,2000-06-23,Unknown,Broadway,audio,"Linda Balgord (Grizabella), Jimmy Lockett (Old Deuteronomy), John Dewar (Gus), Marlene Danielle (Bombalurina), Jeffry Denman (Munkustrap), Stephen Binskie (Rum Tum Tugger), Lena Hall (Demeter), James Hadley (Skimbleshanks), John Dewar (Bustopher Jones), Jean Arbeiter (Jellylorum), Sharon Wheatley (Jennyanydots), John Dewar (Growltiger)","Some parts (Overture, Moments of Happinees and Journey to the Heaviside Layer) are missing.",MP3 (177.5MB),,MEGA,3439
Cats,2000-09-10,Unknown,Broadway,audio,"Linda Balgord (Grizabella), Jimmy Lockett (Old Deuteronomy), John Dewar (Gus), Marlene Danielle (Bombalurina), Jeffry Denman (Munkustrap), Stephen Binskie (Rum Tum Tugger), Gayle Holsman (Demeter), Melissa Rae Mahon (Cassandra), James Hadley (Skimbleshanks), John Dewar (Bustopher Jones), Roger Kachel (Mungojerrie), Maria Jo Ralabate (Rumpleteazer), Jean Arbeiter (Jellylorum), Sharon Wheatley (Jennyanydots), Julius Sermonia (Mr. Mistoffelees), Keith Edward Wilson (Macavity), Lenny Daniel (Alonzo), John Dewar (Growltiger), Patrick Mullaney (Bill Bailey), Keith Edward Wilson (Admetus), Patrick Mullaney (Tumblebrutus), Jessica Dillan (Sillabub), Jon-Erik Goldberg (Pouncival), Amy Hamel (Tantomile), Melissa Hathaway (Victoria), Billy Johnstone (Coricopat)",Closing Night!!,MP3 (64.5MB),,MEGA,3441
Cats,2016-07-14,Unknown,First Broadway Revival,audio,"Leona Lewis (Grizabella), Quentin Earl Darrington (Old Deuteronomy), Christopher Gurr (Gus), Christine Cornish (Bombalurina), Andy Huntington Jones (Munkustrap), Tyler Hanes (Rum Tum Tugger), Kim Faure (Demeter), Emily Pynenburg (Cassandra), Jeremy Davis (Skimbleshanks), Christopher Gurr (Bustopher Jones), Jess LeProtto (Mungojerrie), Shonica Gooden (Rumpleteazer), Sara Jean Ford (Jellylorum), Eloise Kropp (Jennyanydots), Ricky Ubeda (Mr. Mistoffelees), Ahmad Simmons (Alonzo), Giuseppe Bausilio (Carbucketty), Arianna Rosario (Sillabub), Sharrod Williams (Pouncival), Lili Froehlich (Electra), Christopher Gurr (Peter), Emily Tate (Tantomile), Georgina Pazcoguin (Victoria), Corey John Snide (Coricopat)",First Preview!,M4A (56.5MB),,MEGA,3443
Cats,2016-07-21,cursetheflame,First Broadway Revival,audio,"Leona Lewis (Grizabella), Quentin Earl Darrington (Old Deuteronomy), Christopher Gurr (Gus), Christine Cornish (Bombalurina), Andy Huntington Jones (Munkustrap), Tyler Hanes (Rum Tum Tugger), Kim Faure (Demeter), Emily Pynenburg (Cassandra), Jeremy Davis (Skimbleshanks), Christopher Gurr (Bustopher Jones), Jess LeProtto (Mungojerrie), Shonica Gooden (Rumpleteazer), Sara Jean Ford (Jellylorum), Eloise Kropp (Jennyanydots), Ricky Ubeda (Mr. Mistoffelees), Daniel Gaymon (Macavity), Ahmad Simmons (Alonzo), Christopher Gurr (Growltiger), Daniel Gaymon (Admetus), Giuseppe Bausilio (Carbucketty), Arianna Rosario (Sillabub), Sharrod Williams (Pouncival), Lili Froehlich (Electra), Emily Tate (Tantomile), Georgina Pazcoguin (Victoria), Corey John Snide (Coricopat)",,MP3 (68.8MB),,MEGA,3444
Cats,2016-09-03,natprouvaire,First Broadway Revival,audio,"Leona Lewis (Grizabella), Quentin Earl Darrington (Old Deuteronomy), Christopher Gurr (Gus), Christine Cornish (Bombalurina), Andy Huntington Jones (Munkustrap), Tyler Hanes (Rum Tum Tugger), Madison Mitchell (u/s Demeter), Emily Pynenburg (Cassandra), Aaron J. Albano (u/s Skimbleshanks), Christopher Gurr (Bustopher Jones), Jess LeProtto (Mungojerrie), Shonica Gooden (Rumpleteazer), Sara Jean Ford (Jellylorum), Francesca Granell (u/s Jennyanydots), Ricky Ubeda (Mr. Mistoffelees), Daniel Gaymon (Macavity), Ahmad Simmons (Alonzo), Christopher Gurr (Growltiger), Daniel Gaymon (Admetus), Giuseppe Bausilio (Carbucketty), Arianna Rosario (Sillabub), Sharrod Williams (Pouncival), Lili Froehlich (Electra), Claire Camp (Tantomile), Georgina Pazcoguin (Victoria), Corey John Snide (Coricopat)",,M4A (57.2MB),,MEGA,3449
Cats,2016-09-10,natprouvaire,First Broadway Revival,audio,"Leona Lewis (Grizabella), Quentin Earl Darrington (Old Deuteronomy), Christopher Gurr (Gus), Christine Cornish (Bombalurina), Andy Huntington Jones (Munkustrap), Tyler Hanes (Rum Tum Tugger), Kim Faure (Demeter), Emily Pynenburg (u/s Cassandra), Aaron J. Albano (u/s Skimbleshanks), Christopher Gurr (Bustopher Jones), Jess LeProtto (Mungojerrie), Shonica Gooden (Rumpleteazer), Sara Jean Ford (Jellylorum), Eloise Kropp (Jennyanydots), Ricky Ubeda (Mr. Mistoffelees), Daniel Gaymon (Macavity), Ahmad Simmons (Alonzo), Christopher Gurr (Growltiger), Daniel Gaymon (Admetus), Giuseppe Bausilio (Carbucketty), Arianna Rosario (Sillabub), Sharrod Williams (Pouncival), Lili Froehlich (Electra), Emily Tate (Tantomile), Georgina Pazcoguin (Victoria), Corey John Snide (Coricopat)",,M4A (57.8MB),,MEGA,3450
Cats,2016-10-17,natprouvaire,First Broadway Revival,audio,"Mamie Parris (Grizabella), Quentin Earl Darrington (Old Deuteronomy), Christopher Gurr (Gus), Christine Cornish (Bombalurina), Andy Huntington Jones (Munkustrap), Tyler Hanes (Rum Tum Tugger), Madison Mitchell (u/s Demeter), Emily Pynenburg (Cassandra), Jeremy Davis (Skimbleshanks), Christopher Gurr (Bustopher Jones), Jess LeProtto (Mungojerrie), Shonica Gooden (Rumpleteazer), Sara Jean Ford (Jellylorum), Eloise Kropp (Jennyanydots), Ricky Ubeda (Mr. Mistoffelees), Daniel Gaymon (Macavity), Ahmad Simmons (Alonzo), Christopher Gurr (Growltiger), Daniel Gaymon (Admetus), Tanner Ray Wilson (Carbucketty), Arianna Rosario (Sillabub), Sharrod Williams (Pouncival), Lili Froehlich (Electra), Emily Tate (Tantomile), Georgina Pazcoguin (Victoria), Corey John Snide (Coricopat)",First show of Mamie Parris as Grizabella!,MP3 (56.6MB),,MEGA,3455
Cats,2017-04-09,oydtrades,First Broadway Revival,audio,"Mamie Parris (Grizabella), Quentin Earl Darrington (Old Deuteronomy), Christopher Gurr (Gus), Claire Camp (s/w Bombalurina), Andy Huntington Jones (Munkustrap), Tyler Hanes (Rum Tum Tugger), Kim Faure (Demeter), Emily Pynenburg (Cassandra), Jeremy Davis (Skimbleshanks), Christopher Gurr (Bustopher Jones), Zachary Daniel Jones (Mungojerrie), Francesca Granell (s/w Rumpleteazer), Sarah Jane Shanks (Jellylorum), Eloise Kropp (Jennyanydots), Ricky Ubeda (Mr. Mistoffelees), Daniel Gaymon (Macavity), Ahmad Simmons (Alonzo), Tyler Hanes (Bill Bailey), Andrew Wilson (Tumblebrutus), Jakob Karr (Carbucketty), Arianna Rosario (Sillabub), Sharrod Williams (Pouncival), Lili Froehlich (Electra), Daniel Gaymon (Plato), Christopher Gurr (Peter), Quentin Earl Darrington (Victor), Jonalyn Saxer (s/w Tantomile), Emily Tate (u/s Victoria), Tanner Ray Wilson (s/w Coricopat), Richard Todd Adams (The Cats Chorus), Spencer Clark (s/w The Cats Chorus), Jessica Hendy (The Cats Chorus), Madison Mitchell (The Cats Chorus), Megan Ort (The Cats Chorus)",Includes Mamie's BCEFA speech.,MP3 (118.2MB),,MEGA,3458
Cats,2016-12-22,hwilki,First Broadway Revival,video,"Mamie Parris (Grizabella), Quentin Earl Darrington (Old Deuteronomy), Christopher Gurr (Gus), Christine Cornish (Bombalurina), Andy Huntington Jones (Munkustrap), Harris Milgrim (u/s Rum Tum Tugger), Kim Faure (Demeter), Emily Pynenburg (Cassandra), Jeremy Davis (Skimbleshanks), Christopher Gurr (Bustopher Jones), Jess LeProtto (Mungojerrie), Shonica Gooden (Rumpleteazer), Sarah Jane Shanks (Jellylorum), Eloise Kropp (Jennyanydots), Ricky Ubeda (Mr. Mistoffelees), Daniel Gaymon (Macavity), Ahmad Simmons (Alonzo), Christopher Gurr (Growltiger), Daniel Gaymon (Admetus), Tanner Ray Wilson (t/r Carbucketty), Arianna Rosario (Sillabub), Sharrod Williams (Pouncival), Lili Froehlich (Electra), Emily Tate (Tantomile), Georgina Pazcoguin (Victoria), Corey John Snide (Coricopat)",Full Act 1 is out of focus. Act 2 is much clearer. No zooms. Shot around heads.,MOV (3.62GB),,MEGA,3461
Cats,2016-12-25,TheOzianCabaret,First Broadway Revival,audio,"Mamie Parris (Grizabella), Quentin Earl Darrington (Old Deuteronomy), Christopher Gurr (Gus), Christine Cornish (Bombalurina), Andy Huntington Jones (Munkustrap), Tyler Hanes (Rum Tum Tugger), Kim Faure (Demeter), Emily Pynenburg (Cassandra), Jeremy Davis (Skimbleshanks), Christopher Gurr (Bustopher Jones), Jess LeProtto (Mungojerrie), Shonica Gooden (Rumpleteazer), Sarah Jane Shanks (Jellylorum), Eloise Kropp (Jennyanydots), Ricky Ubeda (Mr. Mistoffelees), Daniel Gaymon (Macavity), Ahmad Simmons (Alonzo), Christopher Gurr (Growltiger), Daniel Gaymon (Admetus), Tanner Ray Wilson (u/s Carbucketty), Francesca Granell (u/s Sillabub), Sharrod Williams (Pouncival), Lili Froehlich (Electra), Emily Tate (Tantomile), Georgina Pazcoguin (Victoria), Corey John Snide (Coricopat), Megan Ort (The Cats Chorus), Nathan Patrick Morgan (The Cats Chorus), Robin Masella (The Cats Chorus), Jessica Hendy (The Cats Chorus), Aaron J. Albano (The Cats Chorus), Richard Todd Adams (The Cats Chorus)",,M4A (109.7MB),,MEGA,3462
We Will Rock You,2004-08-18,Unknown,West End,audio,"Peter Johansson (u/s Galileo), Jenna Lee-James (u/s Scaramouche), Caroline Deverill (u/s Killer Queen), Chris Holland (u/s Khashoggi), Julie Stark (u/s Meat), Julie Stark (u/s Oz), Nigel Clauzel (Brit), Nigel Planer (Buddy), Nigel Clauzel (J.B.), Nigel Planer (Pop), Nigel Planer (Bap), Mazz Murray (Teacher)",,MP3 (137.8MB),,MEGA,3468
Cats,2017-08-05,Unknown,International Tour,audio,"Joanna Ampil (Grizabella), John Ellis (Old Deuteronomy), Jordan Castle (u/s Gus), Charlie Johnson (Bombalurina), Matt Krzan (Munkustrap), John Brannoch (Rum Tum Tugger), Agnes Pure (Demeter), Natalie Bennyworth (Cassandra), Lee Greenaway (Skimbleshanks), Jordan Castle (u/s Bustopher Jones), Joe Henry (Mungojerrie), Meg Astin (Rumpleteazer), Charlotte Scott (Jellylorum), Joanna Lee Martin (Jennyanydots), Robbie McMillan (Mr. Mistoffelees), Jak Allen-Anderson (Macavity), Robin Lake (Alonzo), Jordan Castle (u/s Growltiger), Dane Quixall (u/s Bill Bailey), Jak Allen-Anderson (Admetus), Dane Quixall (u/s Tumblebrutus), Enric Marimon (Carbucketty), Grace Swaby-Moore (Jemima), Eilish Harmon-Beglan (Tantomile), Sophia McAvoy (Victoria), Fletcher Dobinson (Coricopat)",,M4A (91.4MB),,MEGA,3486
Cats,2003-03-03,Unknown,Third UK Tour,audio,"Chrissie Hammond (Grizabella), Nicholas Pound (Old Deuteronomy), Norman Bowman (Munkustrap), Stuart Ramsay (Rum Tum Tugger), Guy-Paul Roult de St Germain (Mr. Mistoffelees)",,MP3 (281.7MB),,MEGA,3508
